uf_busca,cidade_busca,universidade_nome,campus_nome,nome,grau,turno,mensalidade,bolsa_integral_cotas,bolsa_integral_ampla,bolsa_parcial_cotas,bolsa_parcial_ampla,nota_integral_ampla,nota_integral_cotas,nota_parcial_ampla,nota_parcial_cotas
PB,Joao Pessoa,Centro Universitário de João Pessoa - Unipê - UNIPÊ,CAMPUS UNIPÊ - Água Fria,Administração,Bacharelado,Matutino,529.00,5,4,,,609.94,607.20,,
PB,Joao Pessoa,Centro Universitário Internacional - Uninter - UNINTER,PAP JOÃO PESSOA 01 - Miramar,Administração,Bacharelado,Curso a Distância,298.00,1,,,,582.64,,,
PB,Joao Pessoa,Centro Universitário Internacional - Uninter - UNINTER,PAP JOÃO PESSOA 02 - Expedicionários,Administração,Bacharelado,Curso a Distância,298.00,,,1,,,,547.80,
PB,Joao Pessoa,Faculdade Devry João Pessoa - DVJP,CAMPUS SEDE - Miramar,Administração,Bacharelado,Noturno,864.67,,,,100,,,450.00,
PB,Joao Pessoa,Faculdade Devry João Pessoa - DVJP,CAMPUS SEDE - Miramar,Administração,Bacharelado,Matutino,864.67,,,,100,,,450.00,
PB,Joao Pessoa,Faculdade Dom Bosco - FDB,POLO JOÃO PESSOA - Centro,Administração,Bacharelado,Curso a Distância,1250.34,4,2,,,579.62,553.74,,
PB,Joao Pessoa,Faculdade Estácio da Paraíba - ESTÁCIO PARAÍBA,JOÃO PESSOA-IDEZ - Manaíra,Administração,Bacharelado,Noturno,598.57,2,2,,,585.52,571.90,,
PB,Joao Pessoa,Faculdade Estácio da Paraíba - ESTÁCIO PARAÍBA,JOÃO PESSOA-IDEZ - Manaíra,Administração,Bacharelado,Matutino,570.00,2,2,,,572.60,571.30,,
PB,Joao Pessoa,Faculdade Internacional da Paraíba - FPB,FACULDADE INTERNACIONAL DA PARAÍBA - Tambiá,Administração,Bacharelado,Matutino,597.23,2,1,,,603.82,573.12,,
PB,Joao Pessoa,Faculdade Internacional da Paraíba - FPB,FACULDADE INTERNACIONAL DA PARAÍBA - Tambiá,Administração,Bacharelado,Noturno,724.67,2,2,,,606.98,596.40,,
PB,Joao Pessoa,Faculdade Paraíbana - FAP,CAMPUS  - JOÃO PESSOA - MIRAMAR - Miramar,Administração,Bacharelado,Noturno,474.27,3,2,,,556.90,551.34,,
PB,Joao Pessoa,Faculdade Paraíbana - FAP,CAMPUS  - JOÃO PESSOA - MIRAMAR - Miramar,Administração,Bacharelado,Matutino,450.56,2,1,,,558.02,545.70,,
PB,Joao Pessoa,Faculdade Três Marias - FTM,JOAO PESSOA CENTRO - Miramar,Administração,Bacharelado,Noturno,711.31,2,2,,40,571.28,554.58,450.00,
PB,Joao Pessoa,Faculdade Uninabuco João Pessoa,UNIDADE SEDE - Tambiá,Administração,Bacharelado,Noturno,558.44,2,2,,,577.08,538.32,,
PB,Joao Pessoa,Faculdade Uninassau João Pessoa,FACULDADE MAURÍCIO DE NASSAU DE JOÃO PESSOA - Estados,Administração,Bacharelado,Noturno,744.59,1,,,,599.68,,,
PB,Joao Pessoa,Instituto de Educação Superior da Paraíba - IESP,CAMPUS  - JOÃO PESSOA - BESSA - BESSA,Administração,Bacharelado,Noturno,668.25,2,1,,,611.22,592.20,,
PB,Joao Pessoa,Instituto de Educação Superior da Paraíba - IESP,CAMPUS  - JOÃO PESSOA - BESSA - BESSA,Administração,Bacharelado,Matutino,520.20,2,1,,,579.40,581.56,,
PB,Joao Pessoa,Instituto Paraibano de Ensino Renovado - INPER,CAMPUS  - JOÃO PESSOA - JARDIM MARIZÓPOLIS - Jardim Marizópolis,Administração,Bacharelado,Matutino,450.56,2,1,,,548.66,553.46,,
PB,Joao Pessoa,Instituto Paraibano de Ensino Renovado - INPER,CAMPUS  - JOÃO PESSOA - JARDIM MARIZÓPOLIS - Jardim Marizópolis,Administração,Bacharelado,Noturno,199.00,16,12,,,562.78,551.30,,
PB,Joao Pessoa,Universidade Anhanguera - UNIDERP,JOAO PESSOA/PB (2008455) - Bancários,Administração,Bacharelado,Curso a Distância,269.00,2,1,,,577.86,557.82,,
PB,Joao Pessoa,Universidade Cruzeiro do Sul - UNICSUL,"COESP - JOÃO PESSOA, PARAÍBA - Centro",Administração,Bacharelado,Curso a Distância,289.97,1,,,,554.08,,,
PB,Joao Pessoa,Universidade Pitágoras Unopar,JOAO PESSOA/PB II (7624) - Mangabeira,Administração,Bacharelado,Curso a Distância,269.00,1,1,,,552.36,568.82,,
PB,Joao Pessoa,Universidade Pitágoras Unopar,JOAO PESSOA/PB III (1051685) - Tambauzinho,Administração,Bacharelado,Curso a Distância,269.00,3,2,,,567.60,542.48,,
PB,Joao Pessoa,Faculdade de Enfermagem Nova Esperança - FACENE,CAMPUS  - JOÃO PESSOA - Gramame,Agronomia,Bacharelado,Noturno,1158.96,2,18,,,564.34,573.46,,
PB,Joao Pessoa,Faculdade de Enfermagem Nova Esperança - FACENE,CAMPUS  - JOÃO PESSOA - Gramame,Agronomia,Bacharelado,Matutino,1158.96,2,18,,,555.40,568.30,,
PB,Joao Pessoa,Centro Universitário de Maringá - Unicesumar - Unicesumar - UNICESUMAR,JOÃO PESSOA - Tambauzinho,Análise e Desenvolvimento de Sistemas,Tecnológico,Curso a Distância,286.02,1,,,,566.18,,,
PB,Joao Pessoa,Centro Universitário Estácio de Ribeirão Preto - Estácio Ribeirão Pre - ESTÁCIO RIBEIRÃO PRE,EAD JOÃO PESSOA - BANCÁRIOS - PB - Tambaú,Análise e Desenvolvimento de Sistemas,Tecnológico,Curso a Distância,388.57,1,,,,595.18,,,
PB,Joao Pessoa,Centro Universitário Internacional - Uninter - UNINTER,PAP JOÃO PESSOA 01 - Miramar,Análise e Desenvolvimento de Sistemas,Tecnológico,Curso a Distância,274.00,,,1,,,,531.08,
PB,Joao Pessoa,Centro Universitário Internacional - Uninter - UNINTER,PAP JOÃO PESSOA 02 - Expedicionários,Análise e Desenvolvimento de Sistemas,Tecnológico,Curso a Distância,274.00,,,1,,,,504.82,
PB,Joao Pessoa,Faculdade Estácio da Paraíba - ESTÁCIO PARAÍBA,JOÃO PESSOA-IDEZ - Manaíra,Análise e Desenvolvimento de Sistemas,Tecnológico,Noturno,570.00,3,2,,,609.52,587.24,,
PB,Joao Pessoa,Faculdade Uninassau João Pessoa,FACULDADE MAURÍCIO DE NASSAU DE JOÃO PESSOA - Estados,Análise e Desenvolvimento de Sistemas,Tecnológico,Noturno,552.28,2,2,,,604.88,575.10,,
PB,Joao Pessoa,Universidade Cruzeiro do Sul - UNICSUL,"COESP - JOÃO PESSOA, PARAÍBA - Centro",Análise e Desenvolvimento de Sistemas,Tecnológico,Curso a Distância,269.92,1,,,,636.36,,,
PB,Joao Pessoa,Universidade Paulista - UNIP,JOAO PESSOA II - Tambauzinho,Análise e Desenvolvimento de Sistemas,Tecnológico,Curso a Distância,289.00,1,,,,607.44,,,
PB,Joao Pessoa,Centro Universitário de João Pessoa - Unipê - UNIPÊ,CAMPUS UNIPÊ - Água Fria,Arquitetura e Urbanismo,Bacharelado,Noturno,834.15,4,2,,,655.50,623.12,,
PB,Joao Pessoa,Centro Universitário de João Pessoa - Unipê - UNIPÊ,CAMPUS UNIPÊ - Água Fria,Arquitetura e Urbanismo,Bacharelado,Vespertino,1185.00,2,1,,,657.24,635.72,,
PB,Joao Pessoa,Centro Universitário de João Pessoa - Unipê - UNIPÊ,CAMPUS UNIPÊ - Água Fria,Arquitetura e Urbanismo,Bacharelado,Matutino,1185.00,6,4,,,656.88,624.46,,
PB,Joao Pessoa,Faculdade Internacional da Paraíba - FPB,UNIDADE SEDE - Tambiá,Arquitetura e Urbanismo,Bacharelado,Noturno,899.82,1,,,,609.02,,,
PB,Joao Pessoa,Faculdade Internacional da Paraíba - FPB,UNIDADE SEDE - Tambiá,Arquitetura e Urbanismo,Bacharelado,Matutino,863.28,1,,,,619.92,,,
PB,Joao Pessoa,Instituto Paraibano de Ensino Renovado - INPER,CAMPUS  - JOÃO PESSOA - JARDIM MARIZÓPOLIS - Jardim Marizópolis,Arquitetura e Urbanismo,Bacharelado,Noturno,879.40,2,1,,,621.64,591.66,,
PB,Joao Pessoa,Instituto Paraibano de Ensino Renovado - INPER,CAMPUS  - JOÃO PESSOA - JARDIM MARIZÓPOLIS - Jardim Marizópolis,Arquitetura e Urbanismo,Bacharelado,Matutino,835.43,2,1,,,599.60,592.14,,
PB,Joao Pessoa,Centro Universitário Internacional - Uninter - UNINTER,PAP JOÃO PESSOA 02 - Expedicionários,Artes VIsuais,Licenciatura,Curso a Distância,237.00,,,1,,,,565.72,
PB,Joao Pessoa,Universidade Cruzeiro do Sul - UNICSUL,"COESP - JOÃO PESSOA, PARAÍBA - Centro",Artes VIsuais,Licenciatura,Curso a Distância,256.86,,,1,,,,544.70,
PB,Joao Pessoa,Universidade Paulista - UNIP,JOAO PESSOA II - Tambauzinho,Artes VIsuais,Licenciatura,Curso a Distância,289.00,1,,,,568.52,,,
PB,Joao Pessoa,Universidade Cruzeiro do Sul - UNICSUL,"COESP - JOÃO PESSOA, PARAÍBA - Centro",Banco de Dados,Tecnológico,Curso a Distância,256.86,,,1,,,,566.78,
PB,Joao Pessoa,Faculdade de João Pessoa (Santa Emília do Rodat),UNIDADE SEDE - Tambiá,Biomedicina,Bacharelado,Noturno,952.20,4,2,,12,606.06,610.24,548.70,
PB,Joao Pessoa,Faculdade Devry João Pessoa - DVJP,CAMPUS SEDE - Miramar,Biomedicina,Bacharelado,Noturno,807.00,1,,,40,516.18,,491.58,
PB,Joao Pessoa,Faculdade Devry João Pessoa - DVJP,CAMPUS SEDE - Miramar,Biomedicina,Bacharelado,Matutino,807.00,1,,,40,610.18,,497.06,
PB,Joao Pessoa,Faculdade Internacional da Paraíba - FPB,UNIDADE SEDE - Tambiá,Biomedicina,Bacharelado,Noturno,761.34,2,2,,,628.24,627.56,,
PB,Joao Pessoa,Faculdade Internacional da Paraíba - FPB,UNIDADE SEDE - Tambiá,Biomedicina,Bacharelado,Matutino,761.34,3,2,,,615.16,611.90,,
PB,Joao Pessoa,Faculdade Uninassau João Pessoa,FACULDADE MAURÍCIO DE NASSAU DE JOÃO PESSOA - Estados,Biomedicina,Bacharelado,Matutino,808.86,2,1,,,652.02,611.56,,
PB,Joao Pessoa,Centro Universitário de João Pessoa - Unipê - UNIPÊ,CAMPUS UNIPÊ - Água Fria,Ciência da Computação,Bacharelado,Noturno,742.80,4,2,,,640.54,632.28,,
PB,Joao Pessoa,Instituto Paraibano de Ensino Renovado - INPER,CAMPUS  - JOÃO PESSOA - JARDIM MARIZÓPOLIS - Jardim Marizópolis,Ciência da Computação,Bacharelado,Noturno,647.52,2,1,,,604.14,592.42,,
PB,Joao Pessoa,Centro Universitário Internacional - Uninter - UNINTER,PAP JOÃO PESSOA 02 - Expedicionários,Ciência Política,Bacharelado,Curso a Distância,274.00,,,1,,,,513.00,
PB,Joao Pessoa,Universidade Cruzeiro do Sul - UNICSUL,"COESP - JOÃO PESSOA, PARAÍBA - Centro",Ciências Biológicas,Licenciatura,Curso a Distância,256.86,,,1,,,,636.88,
PB,Joao Pessoa,Centro Universitário de João Pessoa - Unipê - UNIPÊ,CAMPUS UNIPÊ - Água Fria,Ciências Contábeis,Bacharelado,Matutino,529.00,3,2,,,626.46,595.22,,
PB,Joao Pessoa,Centro Universitário de João Pessoa - Unipê - UNIPÊ,CAMPUS UNIPÊ - Água Fria,Ciências Contábeis,Bacharelado,Noturno,670.20,3,2,,,617.46,618.14,,
PB,Joao Pessoa,Centro Universitário Estácio de Ribeirão Preto - Estácio Ribeirão Pre - ESTÁCIO RIBEIRÃO PRE,EAD JOÃO PESSOA - BANCÁRIOS - PB - Tambaú,Ciências Contábeis,Bacharelado,Curso a Distância,417.14,1,1,,,584.96,450.00,,
PB,Joao Pessoa,Centro Universitário Internacional - Uninter - UNINTER,PAP JOÃO PESSOA 01 - Miramar,Ciências Contábeis,Bacharelado,Curso a Distância,298.00,1,,,,546.26,,,
PB,Joao Pessoa,Centro Universitário Internacional - Uninter - UNINTER,PAP JOÃO PESSOA 02 - Expedicionários,Ciências Contábeis,Bacharelado,Curso a Distância,298.00,1,,,,560.28,,,
PB,Joao Pessoa,Faculdade Devry João Pessoa - DVJP,CAMPUS SEDE - Miramar,Ciências Contábeis,Bacharelado,Matutino,864.67,,,,100,,,450.00,
PB,Joao Pessoa,Faculdade Devry João Pessoa - DVJP,CAMPUS SEDE - Miramar,Ciências Contábeis,Bacharelado,Noturno,864.67,,,,100,,,450.00,
PB,Joao Pessoa,Faculdade Estácio da Paraíba - ESTÁCIO PARAÍBA,JOÃO PESSOA-IDEZ - Manaíra,Ciências Contábeis,Bacharelado,Noturno,627.14,3,2,,,594.88,565.72,,
PB,Joao Pessoa,Faculdade Paraíbana - FAP,CAMPUS  - JOÃO PESSOA - MIRAMAR - Miramar,Ciências Contábeis,Bacharelado,Matutino,450.56,2,1,,,563.32,560.14,,
PB,Joao Pessoa,Faculdade Paraíbana - FAP,CAMPUS  - JOÃO PESSOA - MIRAMAR - Miramar,Ciências Contábeis,Bacharelado,Noturno,474.27,2,1,,,567.86,548.96,,
PB,Joao Pessoa,Faculdade Três Marias - FTM,JOAO PESSOA CENTRO - Miramar,Ciências Contábeis,Bacharelado,Noturno,711.31,2,2,,40,591.72,450.00,450.00,
PB,Joao Pessoa,Faculdade Uninassau João Pessoa,FACULDADE MAURÍCIO DE NASSAU DE JOÃO PESSOA - Estados,Ciências Contábeis,Bacharelado,Noturno,737.71,1,,,,618.00,,,
PB,Joao Pessoa,Instituto de Educação Superior da Paraíba - IESP,CAMPUS  - JOÃO PESSOA - BESSA - BESSA,Ciências Contábeis,Bacharelado,Noturno,701.66,2,1,,,622.60,594.42,,
PB,Joao Pessoa,Instituto Paraibano de Ensino Renovado - INPER,CAMPUS  - JOÃO PESSOA - JARDIM MARIZÓPOLIS - Jardim Marizópolis,Ciências Contábeis,Bacharelado,Matutino,450.56,2,1,,,550.30,542.92,,
PB,Joao Pessoa,Instituto Paraibano de Ensino Renovado - INPER,CAMPUS  - JOÃO PESSOA - JARDIM MARIZÓPOLIS - Jardim Marizópolis,Ciências Contábeis,Bacharelado,Noturno,474.27,2,1,,,546.90,566.74,,
PB,Joao Pessoa,Universidade Cruzeiro do Sul - UNICSUL,"COESP - JOÃO PESSOA, PARAÍBA - Centro",Ciências Contábeis,Bacharelado,Curso a Distância,289.97,1,,,,535.56,,,
PB,Joao Pessoa,Universidade Paulista - UNIP,JOAO PESSOA II - Tambauzinho,Ciências Contábeis,Bacharelado,Curso a Distância,289.00,1,,,,529.10,,,
PB,Joao Pessoa,Universidade Paulista - UNIP,JOAO PESSOA I - Tambiá,Ciências Contábeis,Bacharelado,Curso a Distância,169.00,10,7,,,572.68,549.92,,
PB,Joao Pessoa,Universidade Pitágoras Unopar,JOAO PESSOA/PB II (7624) - Mangabeira,Ciências Contábeis,Bacharelado,Curso a Distância,269.00,2,2,,,581.44,585.62,,
PB,Joao Pessoa,Faculdade Devry João Pessoa - DVJP,CAMPUS SEDE - Miramar,Ciências da Computação,Bacharelado,Matutino,581.34,1,,,39,659.78,,450.00,
PB,Joao Pessoa,Faculdade Devry João Pessoa - DVJP,CAMPUS SEDE - Miramar,Ciências da Computação,Bacharelado,Noturno,581.34,1,,,39,593.60,,488.02,
PB,Joao Pessoa,Faculdade Internacional da Paraíba - FPB,UNIDADE SEDE - Tambiá,Ciências da Computação,Bacharelado,Matutino,705.86,2,2,,,623.38,601.12,,
PB,Joao Pessoa,Universidade Cruzeiro do Sul - UNICSUL,"COESP - JOÃO PESSOA, PARAÍBA - Centro",Ciências Econômicas,Bacharelado,Curso a Distância,289.97,,,1,,,,592.44,
PB,Joao Pessoa,Universidade Cruzeiro do Sul - UNICSUL,"COESP - JOÃO PESSOA, PARAÍBA - Centro",Ciências Sociais,Licenciatura,Curso a Distância,235.93,,,1,,,,572.78,
PB,Joao Pessoa,Centro Universitário Internacional - Uninter - UNINTER,PAP JOÃO PESSOA 01 - Miramar,Comércio Exterior,Tecnológico,Curso a Distância,270.00,,,1,,,,498.36,
PB,Joao Pessoa,Universidade Cruzeiro do Sul - UNICSUL,"COESP - JOÃO PESSOA, PARAÍBA - Centro",Comércio Exterior,Tecnológico,Curso a Distância,256.86,,,1,,,,450.00,
PB,Joao Pessoa,Instituto Paraibano de Ensino Renovado - INPER,CAMPUS  - JOÃO PESSOA - JARDIM MARIZÓPOLIS - Jardim Marizópolis,Comunicação Social,Bacharelado,Matutino,560.89,2,1,,,570.02,563.80,,
PB,Joao Pessoa,Instituto Paraibano de Ensino Renovado - INPER,CAMPUS  - JOÃO PESSOA - JARDIM MARIZÓPOLIS - Jardim Marizópolis,Comunicação Social,Bacharelado,Noturno,627.49,2,1,,,583.06,550.12,,
PB,Joao Pessoa,Faculdade Internacional da Paraíba - FPB,UNIDADE SEDE - Tambiá,Comunicação Social - Publicidade e Propaganda,Bacharelado,Noturno,613.74,2,1,,,601.96,600.82,,
PB,Joao Pessoa,Faculdade Internacional da Paraíba - FPB,UNIDADE SEDE - Tambiá,Comunicação Social - Publicidade e Propaganda,Bacharelado,Matutino,571.06,2,1,,,615.50,590.50,,
PB,Joao Pessoa,Faculdade Internacional da Paraíba - FPB,UNIDADE SEDE - Tambiá,Construção de Edifícios,Tecnológico,Noturno,478.08,1,,,,612.56,,,
PB,Joao Pessoa,Centro Universitário de João Pessoa - Unipê - UNIPÊ,CAMPUS UNIPÊ - Água Fria,Design de Interiores,Tecnológico,Noturno,468.51,3,2,,,608.70,617.46,,
PB,Joao Pessoa,Faculdade Internacional da Paraíba - FPB,UNIDADE SEDE - Tambiá,Design de Interiores,Tecnológico,Matutino,515.69,2,1,,,567.62,574.16,,
PB,Joao Pessoa,Faculdade Internacional da Paraíba - FPB,UNIDADE SEDE - Tambiá,Design de Interiores,Tecnológico,Noturno,510.63,2,1,,,583.48,573.00,,
PB,Joao Pessoa,Centro Universitário de João Pessoa - Unipê - UNIPÊ,CAMPUS UNIPÊ - Água Fria,Design de Moda,Tecnológico,Noturno,663.00,2,1,,,625.60,601.84,,
PB,Joao Pessoa,Centro Universitário de Maringá - Unicesumar - Unicesumar - UNICESUMAR,JOÃO PESSOA - Tambauzinho,Design de Moda,Tecnológico,Curso a Distância,506.93,1,,,,573.36,,,
PB,Joao Pessoa,Faculdade Estácio da Paraíba - ESTÁCIO PARAÍBA,JOÃO PESSOA-IDEZ - Manaíra,Design Gráfico,Tecnológico,Noturno,684.29,1,,,,573.88,,,
PB,Joao Pessoa,Faculdade Estácio da Paraíba - ESTÁCIO PARAÍBA,JOÃO PESSOA-IDEZ - Manaíra,Design Gráfico,Tecnológico,Matutino,627.14,3,2,,,618.18,578.14,,
PB,Joao Pessoa,Centro Universitário de João Pessoa - Unipê - UNIPÊ,CAMPUS UNIPÊ - Água Fria,Direito,Bacharelado,Matutino,1117.00,9,6,,,648.68,639.48,,
PB,Joao Pessoa,Centro Universitário de João Pessoa - Unipê - UNIPÊ,CAMPUS UNIPÊ - Água Fria,Direito,Bacharelado,Noturno,1117.00,9,6,,,655.98,646.08,,
PB,Joao Pessoa,Faculdade de Ensino Superior da Paraíba - FESP,CAMPUS  - JOÃO PESSOA - MANAÍRA - Manaíra,Direito,Bacharelado,Noturno,900.00,0,6,,4,624.04,,598.92,
PB,Joao Pessoa,Faculdade Devry João Pessoa - DVJP,CAMPUS SEDE - Miramar,Direito,Bacharelado,Matutino,1042.18,,,,55,,,524.02,
PB,Joao Pessoa,Faculdade Devry João Pessoa - DVJP,CAMPUS SEDE - Miramar,Direito,Bacharelado,Noturno,1042.18,,,,55,,,526.80,
PB,Joao Pessoa,Faculdade Internacional da Paraíba - FPB,FACULDADE INTERNACIONAL DA PARAÍBA - Tambiá,Direito,Bacharelado,Matutino,931.59,2,2,,,627.36,617.02,,
PB,Joao Pessoa,Faculdade Internacional da Paraíba - FPB,FACULDADE INTERNACIONAL DA PARAÍBA - Tambiá,Direito,Bacharelado,Noturno,1006.59,5,3,,,616.78,630.30,,
PB,Joao Pessoa,Faculdade Paraíbana - FAP,CAMPUS  - JOÃO PESSOA - MIRAMAR - Miramar,Direito,Bacharelado,Matutino,833.61,2,1,,,608.24,605.04,,
PB,Joao Pessoa,Faculdade Paraíbana - FAP,CAMPUS  - JOÃO PESSOA - MIRAMAR - Miramar,Direito,Bacharelado,Noturno,877.49,2,1,,,611.64,585.74,,
PB,Joao Pessoa,Faculdade Uninassau João Pessoa,FACULDADE MAURÍCIO DE NASSAU DE JOÃO PESSOA - Estados,Direito,Bacharelado,Noturno,956.29,2,2,,,645.62,617.52,,
PB,Joao Pessoa,Faculdade Uninassau João Pessoa,FACULDADE MAURÍCIO DE NASSAU DE JOÃO PESSOA - Estados,Direito,Bacharelado,Matutino,956.29,4,3,,,639.08,618.54,,
PB,Joao Pessoa,Instituto de Educação Superior da Paraíba - IESP,CAMPUS  - JOÃO PESSOA - BESSA - BESSA,Direito,Bacharelado,Matutino,882.09,2,2,,,627.54,618.48,,
PB,Joao Pessoa,Instituto de Educação Superior da Paraíba - IESP,CAMPUS  - JOÃO PESSOA - BESSA - BESSA,Direito,Bacharelado,Noturno,882.09,8,5,,,627.06,617.86,,
PB,Joao Pessoa,Instituto Paraibano de Ensino Renovado - INPER,CAMPUS  - JOÃO PESSOA - JARDIM MARIZÓPOLIS - Jardim Marizópolis,Direito,Bacharelado,Matutino,833.61,2,1,,,605.34,599.42,,
PB,Joao Pessoa,Instituto Paraibano de Ensino Renovado - INPER,CAMPUS  - JOÃO PESSOA - JARDIM MARIZÓPOLIS - Jardim Marizópolis,Direito,Bacharelado,Noturno,877.49,2,1,,,619.12,609.30,,
PB,Joao Pessoa,Centro Universitário de João Pessoa - Unipê - UNIPÊ,CAMPUS UNIPÊ - Água Fria,Educação Física,Bacharelado,Noturno,1005.30,3,2,,,620.12,603.42,,
PB,Joao Pessoa,Centro Universitário de João Pessoa - Unipê - UNIPÊ,CAMPUS UNIPÊ - Água Fria,Educação Física,Bacharelado,Matutino,936.00,5,4,,,619.08,602.52,,
PB,Joao Pessoa,Centro Universitário de Maringá - Unicesumar - Unicesumar - UNICESUMAR,JOÃO PESSOA - Tambauzinho,Educação Física,Licenciatura,Curso a Distância,286.02,1,,,,545.52,,,
PB,Joao Pessoa,Faculdade de Enfermagem Nova Esperança - FACENE,CAMPUS  - JOÃO PESSOA - Gramame,Educação Física,Bacharelado,Matutino,941.46,4,16,,,570.32,571.74,,
PB,Joao Pessoa,Faculdade de Enfermagem Nova Esperança - FACENE,CAMPUS  - JOÃO PESSOA - Gramame,Educação Física,Bacharelado,Noturno,941.46,4,16,,,565.82,568.82,,
PB,Joao Pessoa,Faculdade Internacional da Paraíba - FPB,UNIDADE SEDE - Tambiá,Educação Física,Bacharelado,Noturno,882.13,3,2,,,606.00,599.02,,
PB,Joao Pessoa,Faculdade Internacional da Paraíba - FPB,UNIDADE SEDE - Tambiá,Educação Física,Bacharelado,Matutino,792.50,4,2,,,576.82,575.94,,
PB,Joao Pessoa,Faculdade Três Marias - FTM,JOAO PESSOA CENTRO - Miramar,Educação Física,Bacharelado,Noturno,872.33,2,2,,30,570.72,554.40,511.52,
PB,Joao Pessoa,Faculdade Uninassau João Pessoa,FACULDADE MAURÍCIO DE NASSAU DE JOÃO PESSOA - Estados,Educação Física,Bacharelado,Matutino,839.79,1,1,,,608.36,579.84,,
PB,Joao Pessoa,Universidade Cruzeiro do Sul - UNICSUL,"COESP - JOÃO PESSOA, PARAÍBA - Centro",Educação Física,Licenciatura,Curso a Distância,295.81,1,,2,1,562.26,,598.58,558.68
PB,Joao Pessoa,Universidade Pitágoras Unopar,JOAO PESSOA/PB II (7624) - Mangabeira,Educação Física,Licenciatura,Curso a Distância,419.00,1,1,,,524.38,592.04,,
PB,Joao Pessoa,Universidade Pitágoras Unopar,JOAO PESSOA/PB III (1051685) - Tambauzinho,Educação Física,Licenciatura,Curso a Distância,299.00,4,3,,,573.42,568.46,,
PB,Joao Pessoa,Universidade Pitágoras Unopar,JOAO PESSOA/PB II (7624) - Mangabeira,Embelezamento e Imagem Pessoal,Tecnológico,Curso a Distância,329.00,1,1,,,575.62,572.92,,
PB,Joao Pessoa,Centro Universitário de João Pessoa - Unipê - UNIPÊ,CAMPUS UNIPÊ - Água Fria,Enfermagem,Bacharelado,Noturno,1034.00,5,3,,,665.14,625.92,,
PB,Joao Pessoa,Centro Universitário de João Pessoa - Unipê - UNIPÊ,CAMPUS UNIPÊ - Água Fria,Enfermagem,Bacharelado,Matutino,1034.00,1,,,,640.86,,,
PB,Joao Pessoa,Faculdade de Enfermagem Nova Esperança - FACENE,CAMPUS  - JOÃO PESSOA - Gramame,Enfermagem,Bacharelado,Noturno,932.88,10,10,,,592.48,580.14,,
PB,Joao Pessoa,Faculdade de Enfermagem Nova Esperança - FACENE,CAMPUS  - JOÃO PESSOA - Gramame,Enfermagem,Bacharelado,Matutino,932.88,5,15,,,592.10,608.24,,
PB,Joao Pessoa,Faculdade de João Pessoa (Santa Emília do Rodat),UNIDADE SEDE - Tambiá,Enfermagem,Bacharelado,Noturno,952.20,4,2,,12,595.60,579.98,528.88,
PB,Joao Pessoa,Faculdade Devry João Pessoa - DVJP,CAMPUS SEDE - Miramar,Enfermagem,Bacharelado,Noturno,831.09,1,,,40,630.18,,494.52,
PB,Joao Pessoa,Faculdade Devry João Pessoa - DVJP,CAMPUS SEDE - Miramar,Enfermagem,Bacharelado,Matutino,755.90,1,,,40,578.84,,510.12,
PB,Joao Pessoa,Faculdade Internacional da Paraíba - FPB,UNIDADE SEDE - Tambiá,Enfermagem,Bacharelado,Matutino,827.69,4,3,,,605.20,595.66,,
PB,Joao Pessoa,Faculdade Internacional da Paraíba - FPB,UNIDADE SEDE - Tambiá,Enfermagem,Bacharelado,Noturno,827.69,3,2,,,596.52,588.02,,
PB,Joao Pessoa,Faculdade Uninassau João Pessoa,FACULDADE MAURÍCIO DE NASSAU DE JOÃO PESSOA - Estados,Enfermagem,Bacharelado,Noturno,861.45,4,3,,,620.08,573.48,,
PB,Joao Pessoa,Faculdade Uninassau João Pessoa,FACULDADE MAURÍCIO DE NASSAU DE JOÃO PESSOA - Estados,Enfermagem,Bacharelado,Matutino,808.87,1,,,,616.04,,,
PB,Joao Pessoa,Instituto de Educação Superior da Paraíba - IESP,CAMPUS  - JOÃO PESSOA - BESSA - BESSA,Enfermagem,Bacharelado,Noturno,764.02,2,2,,,618.96,603.62,,
PB,Joao Pessoa,Instituto Paraibano de Ensino Renovado - INPER,CAMPUS  - JOÃO PESSOA - JARDIM MARIZÓPOLIS - Jardim Marizópolis,Enfermagem,Bacharelado,Noturno,718.20,2,1,,,585.28,564.48,,
PB,Joao Pessoa,Instituto Paraibano de Ensino Renovado - INPER,CAMPUS  - JOÃO PESSOA - JARDIM MARIZÓPOLIS - Jardim Marizópolis,Enfermagem,Bacharelado,Matutino,682.29,2,1,,,588.34,577.64,,
PB,Joao Pessoa,Universidade Paulista - UNIP,JOAO PESSOA I - Tambiá,Enfermagem,Bacharelado,Curso a Distância,249.00,1,,,,580.70,,,
PB,Joao Pessoa,Universidade Cruzeiro do Sul - UNICSUL,"COESP - JOÃO PESSOA, PARAÍBA - Centro",Engenharia Ambiental,Bacharelado,Curso a Distância,439.79,1,,,,648.76,,,
PB,Joao Pessoa,Centro Universitário de João Pessoa - Unipê - UNIPÊ,CAMPUS UNIPÊ - Água Fria,Engenharia Civil,Bacharelado,Vespertino,1333.00,5,3,,,653.02,641.00,,
PB,Joao Pessoa,Centro Universitário de João Pessoa - Unipê - UNIPÊ,CAMPUS UNIPÊ - Água Fria,Engenharia Civil,Bacharelado,Noturno,1588.00,3,2,,,662.72,639.40,,
PB,Joao Pessoa,Faculdade Devry João Pessoa - DVJP,CAMPUS SEDE - Miramar,Engenharia Civil,Bacharelado,Matutino,1043.34,,,,50,,,450.00,
PB,Joao Pessoa,Faculdade Devry João Pessoa - DVJP,CAMPUS SEDE - Miramar,Engenharia Civil,Bacharelado,Noturno,1043.34,,,,50,,,457.98,
PB,Joao Pessoa,Faculdade Estácio de João Pessoa - Estácio de João Pessoa,JOÃO PESSOA-UNIUOL - Centro,Engenharia Civil,Bacharelado,Matutino,855.71,1,1,,,603.46,596.06,,
PB,Joao Pessoa,Faculdade Estácio de João Pessoa - Estácio de João Pessoa,JOÃO PESSOA-UNIUOL - Centro,Engenharia Civil,Bacharelado,Noturno,884.29,3,2,,,596.72,628.64,,
PB,Joao Pessoa,Faculdade Internacional da Paraíba - FPB,UNIDADE SEDE - Tambiá,Engenharia Civil,Bacharelado,Matutino,1093.69,4,2,,,634.58,602.62,,
PB,Joao Pessoa,Faculdade Pitágoras de João Pessoa,CAMPUS PRINCIPAL - Jardim Cidade Universitária,Engenharia Civil,Bacharelado,Noturno,768.00,3,2,,,610.04,605.40,,
PB,Joao Pessoa,Faculdade Três Marias - FTM,FACULDADE DA UNIÃO DE ENSINO E PESQUISA INTEGRADA (UNIDADE II) - Estados,Engenharia Civil,Bacharelado,Noturno,1034.55,2,2,,20,591.08,610.24,458.60,
PB,Joao Pessoa,Faculdade Uninassau João Pessoa,FACULDADE MAURÍCIO DE NASSAU DE JOÃO PESSOA - Estados,Engenharia Civil,Bacharelado,Noturno,1089.27,1,,,,639.26,,,
PB,Joao Pessoa,Instituto Paraibano de Ensino Renovado - INPER,CAMPUS  - JOÃO PESSOA - JARDIM MARIZÓPOLIS - Jardim Marizópolis,Engenharia Civil,Bacharelado,Noturno,812.38,1,1,,,576.28,579.72,,
PB,Joao Pessoa,Instituto Paraibano de Ensino Renovado - INPER,CAMPUS  - JOÃO PESSOA - JARDIM MARIZÓPOLIS - Jardim Marizópolis,Engenharia Civil,Bacharelado,Matutino,771.76,2,1,,,609.12,594.06,,
PB,Joao Pessoa,Centro Universitário Internacional - Uninter - UNINTER,PAP JOÃO PESSOA 02 - Expedicionários,Engenharia de Computação,Bacharelado,Curso a Distância,590.00,,,1,,,,594.60,
PB,Joao Pessoa,Faculdade Devry João Pessoa - DVJP,CAMPUS SEDE - Miramar,Engenharia de Controle e Automação,Bacharelado,Noturno,1020.49,,,,50,,,450.00,
PB,Joao Pessoa,Faculdade Devry João Pessoa - DVJP,CAMPUS SEDE - Miramar,Engenharia de Controle e Automação,Bacharelado,Matutino,1020.49,,,,50,,,450.00,
PB,Joao Pessoa,Faculdade Devry João Pessoa - DVJP,CAMPUS SEDE - Miramar,Engenharia de Produção,Bacharelado,Noturno,1020.49,,,,90,,,450.00,
PB,Joao Pessoa,Faculdade Devry João Pessoa - DVJP,CAMPUS SEDE - Miramar,Engenharia de Produção,Bacharelado,Matutino,1020.49,,,,90,,,450.00,
PB,Joao Pessoa,Faculdade Internacional da Paraíba - FPB,UNIDADE SEDE - Tambiá,Engenharia de Produção,Bacharelado,Matutino,821.00,4,2,,,631.02,605.12,,
PB,Joao Pessoa,Instituto Paraibano de Ensino Renovado - INPER,CAMPUS  - JOÃO PESSOA - JARDIM MARIZÓPOLIS - Jardim Marizópolis,Engenharia de Produção,Bacharelado,Noturno,812.38,2,1,,,624.02,587.10,,
PB,Joao Pessoa,Instituto Paraibano de Ensino Renovado - INPER,CAMPUS  - JOÃO PESSOA - JARDIM MARIZÓPOLIS - Jardim Marizópolis,Engenharia de Produção,Bacharelado,Matutino,771.76,2,1,,,607.14,571.98,,
PB,Joao Pessoa,Universidade Cruzeiro do Sul - UNICSUL,"COESP - JOÃO PESSOA, PARAÍBA - Centro",Engenharia de Produção,Bacharelado,Curso a Distância,439.79,1,,1,1,647.12,,594.70,569.30
PB,Joao Pessoa,Faculdade Devry João Pessoa - DVJP,CAMPUS SEDE - Miramar,Engenharia Elétrica,Bacharelado,Noturno,858.39,1,,,50,637.84,,498.68,
PB,Joao Pessoa,Faculdade Devry João Pessoa - DVJP,CAMPUS SEDE - Miramar,Engenharia Elétrica,Bacharelado,Matutino,858.39,1,,,50,614.54,,450.00,
PB,Joao Pessoa,Faculdade Internacional da Paraíba - FPB,UNIDADE SEDE - Tambiá,Engenharia Elétrica,Bacharelado,Noturno,983.62,1,1,,,628.00,663.48,,
PB,Joao Pessoa,Faculdade Devry João Pessoa - DVJP,CAMPUS SEDE - Miramar,Engenharia Mecânica,Bacharelado,Noturno,1020.49,,,,50,,,450.00,
PB,Joao Pessoa,Faculdade Devry João Pessoa - DVJP,CAMPUS SEDE - Miramar,Engenharia Mecânica,Bacharelado,Matutino,1020.49,,,,50,,,450.00,
PB,Joao Pessoa,Faculdade Internacional da Paraíba - FPB,UNIDADE SEDE - Tambiá,Engenharia Mecânica,Bacharelado,Noturno,983.62,1,1,,,678.14,659.40,,
PB,Joao Pessoa,Faculdade Internacional da Paraíba - FPB,UNIDADE SEDE - Tambiá,Engenharia Química,Bacharelado,Noturno,983.62,2,2,,,622.74,617.00,,
PB,Joao Pessoa,Faculdade de João Pessoa (Santa Emília do Rodat),UNIDADE SEDE - Tambiá,Estética e Cosmética,Tecnológico,Noturno,506.70,2,1,,6,616.78,558.98,552.12,
PB,Joao Pessoa,Faculdade Internacional da Paraíba - FPB,UNIDADE SEDE - Tambiá,Estética e Cosmética,Tecnológico,Noturno,472.72,1,1,,,584.06,550.76,,
PB,Joao Pessoa,Faculdade Internacional da Paraíba - FPB,UNIDADE SEDE - Tambiá,Estética e Cosmética,Tecnológico,Matutino,472.72,1,1,,,562.98,568.74,,
PB,Joao Pessoa,Faculdade Uninassau João Pessoa,FACULDADE MAURÍCIO DE NASSAU DE JOÃO PESSOA - Estados,Estética e Cosmética,Tecnológico,Noturno,521.27,1,1,,,627.46,686.02,,
PB,Joao Pessoa,Instituto Paraibano de Ensino Renovado - INPER,CAMPUS  - JOÃO PESSOA - JARDIM MARIZÓPOLIS - Jardim Marizópolis,Eventos,Tecnológico,Noturno,429.10,2,1,,,579.22,536.94,,
PB,Joao Pessoa,Faculdade Anglo-Americano de João Pessoa - FAAJP,JOÃO PESSOA-CENTRO - Centro,Farmácia,Bacharelado,Matutino,921.00,3,2,,,584.78,587.22,,
PB,Joao Pessoa,Faculdade de Enfermagem Nova Esperança - FACENE,CAMPUS  - JOÃO PESSOA - Gramame,Farmácia,Bacharelado,Matutino,1026.48,2,15,,,593.04,616.44,,
PB,Joao Pessoa,Faculdade de Enfermagem Nova Esperança - FACENE,CAMPUS  - JOÃO PESSOA - Gramame,Farmácia,Bacharelado,Noturno,1026.48,5,13,,,585.82,582.66,,
PB,Joao Pessoa,Faculdade Uninassau João Pessoa,FACULDADE MAURÍCIO DE NASSAU DE JOÃO PESSOA - Estados,Farmácia,Bacharelado,Noturno,885.98,4,3,,,616.64,617.48,,
PB,Joao Pessoa,Faculdade Uninassau João Pessoa,FACULDADE MAURÍCIO DE NASSAU DE JOÃO PESSOA - Estados,Farmácia,Bacharelado,Matutino,839.80,3,2,,,605.52,601.46,,
PB,Joao Pessoa,Instituto Paraibano de Ensino Renovado - INPER,CAMPUS  - JOÃO PESSOA - JARDIM MARIZÓPOLIS - Jardim Marizópolis,Farmácia,Bacharelado,Noturno,718.21,2,2,,,577.34,564.34,,
PB,Joao Pessoa,Instituto Paraibano de Ensino Renovado - INPER,CAMPUS  - JOÃO PESSOA - JARDIM MARIZÓPOLIS - Jardim Marizópolis,Farmácia,Bacharelado,Matutino,682.29,2,1,,,621.56,581.34,,
PB,Joao Pessoa,Centro Universitário Internacional - Uninter - UNINTER,PAP JOÃO PESSOA 02 - Expedicionários,Filosofia,Licenciatura,Curso a Distância,237.00,1,,1,,630.92,,534.46,
PB,Joao Pessoa,Universidade Cruzeiro do Sul - UNICSUL,"COESP - JOÃO PESSOA, PARAÍBA - Centro",Filosofia,Licenciatura,Curso a Distância,256.86,,,1,,,,528.80,
PB,Joao Pessoa,Universidade Cruzeiro do Sul - UNICSUL,"COESP - JOÃO PESSOA, PARAÍBA - Centro",Física,Licenciatura,Curso a Distância,235.40,,,1,,,,578.54,
PB,Joao Pessoa,Centro Universitário de João Pessoa - Unipê - UNIPÊ,CAMPUS UNIPÊ - Água Fria,Fisioterapia,Bacharelado,Matutino,1464.00,2,1,,,704.68,621.58,,
PB,Joao Pessoa,Centro Universitário de João Pessoa - Unipê - UNIPÊ,CAMPUS UNIPÊ - Água Fria,Fisioterapia,Bacharelado,Noturno,1024.80,4,3,,,653.70,620.02,,
PB,Joao Pessoa,Faculdade de Enfermagem Nova Esperança - FACENE,CAMPUS  - JOÃO PESSOA - Gramame,Fisioterapia,Bacharelado,Matutino,1027.26,4,13,,,600.46,597.16,,
PB,Joao Pessoa,Faculdade de Enfermagem Nova Esperança - FACENE,CAMPUS  - JOÃO PESSOA - Gramame,Fisioterapia,Bacharelado,Noturno,1027.26,4,14,,,584.90,597.52,,
PB,Joao Pessoa,Faculdade Internacional da Paraíba - FPB,UNIDADE SEDE - Tambiá,Fisioterapia,Bacharelado,Matutino,985.85,2,1,,,619.64,596.94,,
PB,Joao Pessoa,Faculdade Internacional da Paraíba - FPB,UNIDADE SEDE - Tambiá,Fisioterapia,Bacharelado,Noturno,985.85,1,1,,,604.24,588.72,,
PB,Joao Pessoa,Faculdade Paraíbana - FAP,CAMPUS  - JOÃO PESSOA - MIRAMAR - Miramar,Fisioterapia,Bacharelado,Noturno,718.20,2,1,,,597.74,568.88,,
PB,Joao Pessoa,Faculdade Uninassau João Pessoa,FACULDADE MAURÍCIO DE NASSAU DE JOÃO PESSOA - Estados,Fisioterapia,Bacharelado,Noturno,1041.60,3,2,,,616.40,593.50,,
PB,Joao Pessoa,Faculdade Uninassau João Pessoa,FACULDADE MAURÍCIO DE NASSAU DE JOÃO PESSOA - Estados,Fisioterapia,Bacharelado,Matutino,1041.60,4,3,,,638.60,589.08,,
PB,Joao Pessoa,Instituto Paraibano de Ensino Renovado - INPER,CAMPUS  - JOÃO PESSOA - JARDIM MARIZÓPOLIS - Jardim Marizópolis,Fisioterapia,Bacharelado,Matutino,682.29,2,1,,,614.44,563.26,,
PB,Joao Pessoa,Instituto Paraibano de Ensino Renovado - INPER,CAMPUS  - JOÃO PESSOA - JARDIM MARIZÓPOLIS - Jardim Marizópolis,Fisioterapia,Bacharelado,Noturno,718.20,1,,,,566.56,,,
PB,Joao Pessoa,Centro Universitário de João Pessoa - Unipê - UNIPÊ,CAMPUS UNIPÊ - Água Fria,Fonoaudiologia,Bacharelado,Vespertino,914.00,1,,,,640.34,,,
PB,Joao Pessoa,Faculdade Internacional da Paraíba - FPB,FACULDADE INTERNACIONAL DA PARAÍBA - Tambiá,Gastronomia,Tecnológico,Noturno,903.07,3,2,,,603.80,593.26,,
PB,Joao Pessoa,Faculdade Internacional da Paraíba - FPB,FACULDADE INTERNACIONAL DA PARAÍBA - Tambiá,Gastronomia,Tecnológico,Vespertino,836.74,1,1,,,616.78,603.86,,
PB,Joao Pessoa,Faculdade Internacional da Paraíba - FPB,FACULDADE INTERNACIONAL DA PARAÍBA - Tambiá,Gastronomia,Tecnológico,Matutino,903.07,1,1,,,624.06,612.96,,
PB,Joao Pessoa,Faculdade Uninassau João Pessoa,FACULDADE MAURÍCIO DE NASSAU DE JOÃO PESSOA - Estados,Gastronomia,Tecnológico,Noturno,842.69,2,2,,,591.70,591.86,,
PB,Joao Pessoa,Universidade Cruzeiro do Sul - UNICSUL,"COESP - JOÃO PESSOA, PARAÍBA - Centro",Gastronomia,Tecnológico,Curso a Distância,439.79,,,1,,,,583.26,
PB,Joao Pessoa,Centro Universitário Internacional - Uninter - UNINTER,PAP JOÃO PESSOA 02 - Expedicionários,Geografia,Licenciatura,Curso a Distância,237.00,,,1,,,,574.06,
PB,Joao Pessoa,Universidade Cruzeiro do Sul - UNICSUL,"COESP - JOÃO PESSOA, PARAÍBA - Centro",Geografia,Licenciatura,Curso a Distância,256.86,,,1,,,,535.42,
PB,Joao Pessoa,Centro Universitário de João Pessoa - Unipê - UNIPÊ,CAMPUS UNIPÊ - Água Fria,Gestão Ambiental,Tecnológico,Matutino,331.00,2,1,,,602.28,566.10,,
PB,Joao Pessoa,Centro Universitário de João Pessoa - Unipê - UNIPÊ,CAMPUS UNIPÊ - Água Fria,Gestão Ambiental,Tecnológico,Noturno,360.60,1,,,,634.90,,,
PB,Joao Pessoa,Centro Universitário Internacional - Uninter - UNINTER,PAP JOÃO PESSOA 01 - Miramar,Gestão Ambiental,Tecnológico,Curso a Distância,278.00,1,,,,656.56,,,
PB,Joao Pessoa,Universidade Cruzeiro do Sul - UNICSUL,"COESP - JOÃO PESSOA, PARAÍBA - Centro",Gestão Ambiental,Tecnológico,Curso a Distância,256.86,,,1,,,,520.44,
PB,Joao Pessoa,Centro Universitário Estácio de Ribeirão Preto - Estácio Ribeirão Pre - ESTÁCIO RIBEIRÃO PRE,EAD JOÃO PESSOA - BANCÁRIOS - PB - Tambaú,Gestão Comercial,Tecnológico,Curso a Distância,360.00,1,,,,519.10,,,
PB,Joao Pessoa,Centro Universitário Internacional - Uninter - UNINTER,JOÃO PESSOA (EPITACIO) - Expedicionário,Gestão Comercial,Tecnológico,Curso a Distância,265.00,1,,,,525.08,,,
PB,Joao Pessoa,Centro Universitário Internacional - Uninter - UNINTER,PAP JOÃO PESSOA 01 - Miramar,Gestão Comercial,Tecnológico,Curso a Distância,265.00,1,,,,512.80,,,
PB,Joao Pessoa,Faculdade Internacional da Paraíba - FPB,FACULDADE INTERNACIONAL DA PARAÍBA - Tambiá,Gestão Comercial,Tecnológico,Noturno,451.09,4,3,,,566.06,548.76,,
PB,Joao Pessoa,Universidade Cruzeiro do Sul - UNICSUL,"COESP - JOÃO PESSOA, PARAÍBA - Centro",Gestão Comercial,Tecnológico,Curso a Distância,256.86,,,1,1,,,578.48,574.64
PB,Joao Pessoa,Universidade Paulista - UNIP,JOAO PESSOA II - Tambauzinho,Gestão Comercial,Tecnológico,Curso a Distância,149.00,1,1,,,603.46,529.58,,
PB,Joao Pessoa,Centro Universitário Internacional - Uninter - UNINTER,JOÃO PESSOA (EPITACIO) - Expedicionário,Gestão da Produção Industrial,Tecnológico,Curso a Distância,278.00,,,1,1,,,596.76,614.76
PB,Joao Pessoa,Centro Universitário Internacional - Uninter - UNINTER,PAP JOÃO PESSOA 01 - Miramar,Gestão da Produção Industrial,Tecnológico,Curso a Distância,278.00,1,,,,591.62,,,
PB,Joao Pessoa,Universidade Cruzeiro do Sul - UNICSUL,"COESP - JOÃO PESSOA, PARAÍBA - Centro",Gestão da Qualidade,Tecnológico,Curso a Distância,256.86,,,1,,,,554.22,
PB,Joao Pessoa,Centro Universitário de João Pessoa - Unipê - UNIPÊ,CAMPUS UNIPÊ - Água Fria,Gestão da Tecnologia da Informação,Tecnológico,Noturno,360.60,5,4,,,589.76,571.12,,
PB,Joao Pessoa,Centro Universitário Internacional - Uninter - UNINTER,PAP JOÃO PESSOA 01 - Miramar,Gestão da Tecnologia da Informação,Tecnológico,Curso a Distância,274.00,1,,,,616.98,,,
PB,Joao Pessoa,Faculdade Devry João Pessoa - DVJP,CAMPUS SEDE - Miramar,Gestão da Tecnologia da Informação,Tecnológico,Matutino,386.63,1,,,40,546.72,,450.00,
PB,Joao Pessoa,Faculdade Devry João Pessoa - DVJP,CAMPUS SEDE - Miramar,Gestão da Tecnologia da Informação,Tecnológico,Noturno,386.63,1,,,40,550.38,,450.00,
PB,Joao Pessoa,Faculdade Internacional da Paraíba - FPB,FACULDADE INTERNACIONAL DA PARAÍBA - Tambiá,Gestão da Tecnologia da Informação,Tecnológico,Noturno,465.20,2,1,,,581.86,560.06,,
PB,Joao Pessoa,Universidade Cruzeiro do Sul - UNICSUL,"COESP - JOÃO PESSOA, PARAÍBA - Centro",Gestão da Tecnologia da Informação,Tecnológico,Curso a Distância,269.92,,,1,,,,550.06,
PB,Joao Pessoa,Universidade Paulista - UNIP,JOAO PESSOA II - Tambauzinho,Gestão da Tecnologia da Informação,Tecnológico,Curso a Distância,279.00,1,,,,627.40,,,
PB,Joao Pessoa,Instituto Paraibano de Ensino Renovado - INPER,TAMBIÁ - Tambiá,Gestão de Empreendimentos Esportivos,Tecnológico,Noturno,473.60,1,1,,,533.52,557.42,,
PB,Joao Pessoa,Centro Universitário da Grande Dourados - Unigran - UNIGRAN,JOAO PESSOA - Centro,Gestão de Recursos Humanos,Tecnológico,Curso a Distância,250.00,,,1,,,,549.60,
PB,Joao Pessoa,Centro Universitário de João Pessoa - Unipê - UNIPÊ,CAMPUS UNIPÊ - Água Fria,Gestão de Recursos Humanos,Tecnológico,Noturno,360.60,4,3,,,591.40,568.36,,
PB,Joao Pessoa,Centro Universitário de João Pessoa - Unipê - UNIPÊ,CAMPUS UNIPÊ - Água Fria,Gestão de Recursos Humanos,Tecnológico,Matutino,331.00,3,2,,,578.24,567.40,,
PB,Joao Pessoa,Centro Universitário de Maringá - Unicesumar - Unicesumar - UNICESUMAR,JOÃO PESSOA - Tambauzinho,Gestão de Recursos Humanos,Tecnológico,Curso a Distância,286.02,1,,,,508.68,,,
PB,Joao Pessoa,Centro Universitário Internacional - Uninter - UNINTER,PAP JOÃO PESSOA 01 - Miramar,Gestão de Recursos Humanos,Tecnológico,Curso a Distância,278.00,,,1,,,,566.08,
PB,Joao Pessoa,Centro Universitário Internacional - Uninter - UNINTER,PAP JOÃO PESSOA 02 - Expedicionários,Gestão de Recursos Humanos,Tecnológico,Curso a Distância,278.00,,,1,,,,509.06,
PB,Joao Pessoa,Faculdade Dom Bosco - FDB,POLO JOÃO PESSOA - Centro,Gestão de Recursos Humanos,Tecnológico,Curso a Distância,1195.74,3,2,,,551.08,518.54,,
PB,Joao Pessoa,Faculdade Internacional da Paraíba - FPB,UNIDADE SEDE - Tambiá,Gestão de Recursos Humanos,Tecnológico,Noturno,459.82,1,,,,573.36,,,
PB,Joao Pessoa,Faculdade Três Marias - FTM,JOAO PESSOA CENTRO - Miramar,Gestão de Recursos Humanos,Tecnológico,Noturno,386.65,2,2,,40,586.16,535.24,467.16,
PB,Joao Pessoa,Faculdade Uninabuco João Pessoa,UNIDADE SEDE - Tambiá,Gestão de Recursos Humanos,Tecnológico,Matutino,316.86,2,2,,,570.24,553.82,,
PB,Joao Pessoa,Universidade Cruzeiro do Sul - UNICSUL,"COESP - JOÃO PESSOA, PARAÍBA - Centro",Gestão de Recursos Humanos,Tecnológico,Curso a Distância,259.91,1,,,,578.50,,,
PB,Joao Pessoa,Universidade Paulista - UNIP,JOAO PESSOA II - Tambauzinho,Gestão de Recursos Humanos,Tecnológico,Curso a Distância,269.00,1,,,,555.44,,,
PB,Joao Pessoa,Universidade Paulista - UNIP,JOAO PESSOA I - Tambiá,Gestão de Recursos Humanos,Tecnológico,Curso a Distância,169.00,5,3,,,564.86,543.84,,
PB,Joao Pessoa,Universidade Pitágoras Unopar,JOAO PESSOA/PB II (7624) - Mangabeira,Gestão de Recursos Humanos,Tecnológico,Curso a Distância,209.00,1,1,,,590.76,539.38,,
PB,Joao Pessoa,Centro Universitário Internacional - Uninter - UNINTER,PAP JOÃO PESSOA 02 - Expedicionários,Gestão de Serviços Jurídicos e Notariais,Tecnológico,Curso a Distância,248.00,1,,,,617.26,,,
PB,Joao Pessoa,Universidade Cruzeiro do Sul - UNICSUL,"COESP - JOÃO PESSOA, PARAÍBA - Centro",Gestão do Agronegócio,Tecnológico,Curso a Distância,256.86,,,1,,,,530.38,
PB,Joao Pessoa,Centro Universitário de João Pessoa - Unipê - UNIPÊ,CAMPUS UNIPÊ - Água Fria,Gestão Financeira,Tecnológico,Noturno,360.60,3,2,,,599.40,564.74,,
PB,Joao Pessoa,Centro Universitário de João Pessoa - Unipê - UNIPÊ,CAMPUS UNIPÊ - Água Fria,Gestão Financeira,Tecnológico,Matutino,331.00,2,1,,,603.00,566.54,,
PB,Joao Pessoa,Centro Universitário Estácio de Ribeirão Preto - Estácio Ribeirão Pre - ESTÁCIO RIBEIRÃO PRE,EAD JOÃO PESSOA - BANCÁRIOS - PB - Tambaú,Gestão Financeira,Tecnológico,Curso a Distância,360.00,1,,,,569.90,,,
PB,Joao Pessoa,Centro Universitário Internacional - Uninter - UNINTER,JOÃO PESSOA (EPITACIO) - Expedicionário,Gestão Financeira,Tecnológico,Curso a Distância,278.00,1,,,,495.10,,,
PB,Joao Pessoa,Centro Universitário Internacional - Uninter - UNINTER,PAP JOÃO PESSOA 01 - Miramar,Gestão Financeira,Tecnológico,Curso a Distância,278.00,1,,,,450.00,,,
PB,Joao Pessoa,Faculdade Dom Bosco - FDB,POLO JOÃO PESSOA - Centro,Gestão Financeira,Tecnológico,Curso a Distância,1195.74,3,2,,,608.34,518.32,,
PB,Joao Pessoa,Universidade Cruzeiro do Sul - UNICSUL,"COESP - JOÃO PESSOA, PARAÍBA - Centro",Gestão Financeira,Tecnológico,Curso a Distância,259.91,,,1,,,,450.00,
PB,Joao Pessoa,Universidade Paulista - UNIP,JOAO PESSOA II - Tambauzinho,Gestão Financeira,Tecnológico,Curso a Distância,279.00,1,,,,524.96,,,
PB,Joao Pessoa,Faculdade de Tecnologia Coesp - FCOESP,CAMPUS PRINCIPAL - Manaíra,Gestão Hospitalar,Tecnológico,Noturno,315.00,2,1,,,572.64,564.60,,
PB,Joao Pessoa,Universidade Cruzeiro do Sul - UNICSUL,"COESP - JOÃO PESSOA, PARAÍBA - Centro",Gestão Hospitalar,Tecnológico,Curso a Distância,256.86,,,1,,,,567.56,
PB,Joao Pessoa,Centro Universitário de João Pessoa - Unipê - UNIPÊ,CAMPUS UNIPÊ - Água Fria,Gestão Pública,Tecnológico,Matutino,331.00,1,1,,,575.90,568.26,,
PB,Joao Pessoa,Centro Universitário de João Pessoa - Unipê - UNIPÊ,CAMPUS UNIPÊ - Água Fria,Gestão Pública,Tecnológico,Noturno,360.60,2,1,,,578.60,585.02,,
PB,Joao Pessoa,Centro Universitário Estácio de Ribeirão Preto - Estácio Ribeirão Pre - ESTÁCIO RIBEIRÃO PRE,EAD JOÃO PESSOA - BANCÁRIOS - PB - Tambaú,Gestão Pública,Tecnológico,Curso a Distância,360.00,1,,,,534.16,,,
PB,Joao Pessoa,Centro Universitário Internacional - Uninter - UNINTER,JOÃO PESSOA (EPITACIO) - Expedicionário,Gestão Pública,Tecnológico,Curso a Distância,279.00,1,,,,558.42,,,
PB,Joao Pessoa,Centro Universitário Internacional - Uninter - UNINTER,PAP JOÃO PESSOA 01 - Miramar,Gestão Pública,Tecnológico,Curso a Distância,279.00,,,1,,,,606.54,
PB,Joao Pessoa,Faculdade Internacional da Paraíba - FPB,FACULDADE INTERNACIONAL DA PARAÍBA - Tambiá,Gestão Pública,Tecnológico,Noturno,345.36,1,1,,,564.42,567.94,,
PB,Joao Pessoa,Universidade Cruzeiro do Sul - UNICSUL,"COESP - JOÃO PESSOA, PARAÍBA - Centro",Gestão Pública,Tecnológico,Curso a Distância,259.91,,,1,,,,515.80,
PB,Joao Pessoa,Universidade Pitágoras Unopar,JOAO PESSOA/PB III (1051685) - Tambauzinho,Gestão Pública,Tecnológico,Curso a Distância,259.00,1,,,,577.52,,,
PB,Joao Pessoa,Centro Universitário Estácio de Ribeirão Preto - Estácio Ribeirão Pre - ESTÁCIO RIBEIRÃO PRE,EAD JOÃO PESSOA - BANCÁRIOS - PB - Tambaú,História,Licenciatura,Curso a Distância,327.14,1,,,,601.38,,,
PB,Joao Pessoa,Centro Universitário Internacional - Uninter - UNINTER,PAP JOÃO PESSOA 01 - Miramar,História,Licenciatura,Curso a Distância,237.00,,,1,,,,544.88,
PB,Joao Pessoa,Universidade Cruzeiro do Sul - UNICSUL,"COESP - JOÃO PESSOA, PARAÍBA - Centro",História,Licenciatura,Curso a Distância,256.86,,,1,,,,539.22,
PB,Joao Pessoa,Centro Universitário Estácio de Ribeirão Preto - Estácio Ribeirão Pre - ESTÁCIO RIBEIRÃO PRE,EAD JOÃO PESSOA - BANCÁRIOS - PB - Tambaú,Letras - Inglês,Licenciatura,Curso a Distância,327.14,1,,,,622.16,,,
PB,Joao Pessoa,Centro Universitário Estácio de Ribeirão Preto - Estácio Ribeirão Pre - ESTÁCIO RIBEIRÃO PRE,EAD JOÃO PESSOA - BANCÁRIOS - PB - Tambaú,Letras - Português,Licenciatura,Curso a Distância,327.14,1,,,,589.46,,,
PB,Joao Pessoa,Universidade Cruzeiro do Sul - UNICSUL,"COESP - JOÃO PESSOA, PARAÍBA - Centro",Letras - Português e Espanhol,Licenciatura,Curso a Distância,256.86,,,1,,,,557.60,
PB,Joao Pessoa,Universidade Cruzeiro do Sul - UNICSUL,"COESP - JOÃO PESSOA, PARAÍBA - Centro",Letras - Português e Inglês,Licenciatura,Curso a Distância,269.92,1,,,,586.34,,,
PB,Joao Pessoa,Centro Universitário de João Pessoa - Unipê - UNIPÊ,CAMPUS UNIPÊ - Água Fria,Logística,Tecnológico,Noturno,360.60,2,1,,,582.14,570.18,,
PB,Joao Pessoa,Centro Universitário de João Pessoa - Unipê - UNIPÊ,CAMPUS UNIPÊ - Água Fria,Logística,Tecnológico,Matutino,331.00,2,1,,,585.92,547.28,,
PB,Joao Pessoa,Centro Universitário de Maringá - Unicesumar - Unicesumar - UNICESUMAR,JOÃO PESSOA - Tambauzinho,Logística,Tecnológico,Curso a Distância,286.02,1,,,,521.10,,,
PB,Joao Pessoa,Centro Universitário Estácio de Ribeirão Preto - Estácio Ribeirão Pre - ESTÁCIO RIBEIRÃO PRE,EAD JOÃO PESSOA - BANCÁRIOS - PB - Tambaú,Logística,Tecnológico,Curso a Distância,360.00,1,,,,529.80,,,
PB,Joao Pessoa,Centro Universitário Internacional - Uninter - UNINTER,JOÃO PESSOA (EPITACIO) - Expedicionário,Logística,Tecnológico,Curso a Distância,278.00,1,,,,588.94,,,
PB,Joao Pessoa,Centro Universitário Internacional - Uninter - UNINTER,PAP JOÃO PESSOA 01 - Miramar,Logística,Tecnológico,Curso a Distância,278.00,1,,,,525.22,,,
PB,Joao Pessoa,Faculdade Devry João Pessoa - DVJP,CAMPUS SEDE - Miramar,Logística,Tecnológico,Matutino,530.78,,,,22,,,450.00,
PB,Joao Pessoa,Faculdade Devry João Pessoa - DVJP,CAMPUS SEDE - Miramar,Logística,Tecnológico,Noturno,530.78,,,,45,,,450.00,
PB,Joao Pessoa,Universidade Cruzeiro do Sul - UNICSUL,"COESP - JOÃO PESSOA, PARAÍBA - Centro",Logística,Tecnológico,Curso a Distância,256.86,,,1,,,,522.60,
PB,Joao Pessoa,Universidade Pitágoras Unopar,JOAO PESSOA/PB II (7624) - Mangabeira,Logística,Tecnológico,Curso a Distância,209.00,1,1,,,554.98,570.82,,
PB,Joao Pessoa,Centro Universitário de João Pessoa - Unipê - UNIPÊ,CAMPUS UNIPÊ - Água Fria,Marketing,Tecnológico,Noturno,360.60,2,1,,,631.60,589.86,,
PB,Joao Pessoa,Centro Universitário de João Pessoa - Unipê - UNIPÊ,CAMPUS UNIPÊ - Água Fria,Marketing,Tecnológico,Matutino,331.00,1,1,,,567.02,570.20,,
PB,Joao Pessoa,Centro Universitário Internacional - Uninter - UNINTER,PAP JOÃO PESSOA 01 - Miramar,Marketing,Tecnológico,Curso a Distância,270.00,,,1,,,,533.66,
PB,Joao Pessoa,Faculdade Dom Bosco - FDB,POLO JOÃO PESSOA - Centro,Marketing,Tecnológico,Curso a Distância,1195.74,3,2,,,553.62,522.78,,
PB,Joao Pessoa,Faculdade Internacional da Paraíba - FPB,FACULDADE INTERNACIONAL DA PARAÍBA - Tambiá,Marketing,Tecnológico,Noturno,451.09,2,2,,,578.22,589.00,,
PB,Joao Pessoa,Universidade Cruzeiro do Sul - UNICSUL,"COESP - JOÃO PESSOA, PARAÍBA - Centro",Marketing,Tecnológico,Curso a Distância,256.86,1,,,,514.26,,,
PB,Joao Pessoa,Universidade Paulista - UNIP,JOAO PESSOA II - Tambauzinho,Marketing,Tecnológico,Curso a Distância,279.00,1,,,,569.70,,,
PB,Joao Pessoa,Universidade Pitágoras Unopar,JOAO PESSOA/PB II (7624) - Mangabeira,Marketing,Tecnológico,Curso a Distância,209.00,1,,,,550.02,,,
PB,Joao Pessoa,Centro Universitário Estácio de Ribeirão Preto - Estácio Ribeirão Pre - ESTÁCIO RIBEIRÃO PRE,EAD JOÃO PESSOA - BANCÁRIOS - PB - Tambaú,Matemática,Licenciatura,Curso a Distância,327.14,1,,,,605.98,,,
PB,Joao Pessoa,Centro Universitário Internacional - Uninter - UNINTER,PAP JOÃO PESSOA 01 - Miramar,Matemática,Licenciatura,Curso a Distância,239.00,,,1,,,,598.16,
PB,Joao Pessoa,Universidade Cruzeiro do Sul - UNICSUL,"COESP - JOÃO PESSOA, PARAÍBA - Centro",Matemática,Licenciatura,Curso a Distância,256.86,1,,,,586.48,,,
PB,Joao Pessoa,Centro Universitário de João Pessoa - Unipê - UNIPÊ,CAMPUS UNIPÊ - Água Fria,Medicina,Bacharelado,Integral,7686.00,5,4,,,764.32,743.76,,
PB,Joao Pessoa,Faculdade de Ciências Médicas da Paraíba - FCM-PB,LADEIRA DE S FRANCISCO - Centro,Medicina,Bacharelado,Integral,7412.70,8,5,5,3,754.98,733.60,748.78,727.58
PB,Joao Pessoa,Faculdade de Medicina Nova Esperança - FAMENE,CAMPUS  - JOÃO PESSOA - Gramame,Medicina,Bacharelado,Integral,8350.00,4,3,,,759.76,736.94,,
PB,Joao Pessoa,Faculdade de Enfermagem Nova Esperança - FACENE,CAMPUS  - JOÃO PESSOA - Gramame,Medicina Veterinária,Bacharelado,Matutino,2368.82,4,13,,,630.76,614.90,,
PB,Joao Pessoa,Faculdade de Enfermagem Nova Esperança - FACENE,CAMPUS  - JOÃO PESSOA - Gramame,Medicina Veterinária,Bacharelado,Noturno,2368.82,4,14,,,614.56,612.38,,
PB,Joao Pessoa,Faculdade Três Marias - FTM,JOAO PESSOA CENTRO - Miramar,Negócios Imobiliários,Tecnológico,Noturno,386.65,3,2,,35,540.06,552.72,450.00,
PB,Joao Pessoa,Faculdade Três Marias - FTM,JOAO PESSOA CENTRO - Miramar,Negócios Imobiliários,Tecnológico,Matutino,386.65,3,2,,50,545.80,515.52,450.00,
PB,Joao Pessoa,Centro Universitário Maurício de Nassau - UNINASSAU,POLO JOÃO PESSOA II - Estados,Nutrição,Bacharelado,Curso a Distância,630.81,4,3,,,589.62,590.46,,
PB,Joao Pessoa,Faculdade Devry João Pessoa - DVJP,CAMPUS SEDE - Miramar,Nutrição,Bacharelado,Matutino,831.09,1,,,40,623.50,,506.38,
PB,Joao Pessoa,Faculdade Devry João Pessoa - DVJP,CAMPUS SEDE - Miramar,Nutrição,Bacharelado,Noturno,831.09,1,,,40,576.38,,488.64,
PB,Joao Pessoa,Faculdade Internacional da Paraíba - FPB,UNIDADE SEDE - Tambiá,Nutrição,Bacharelado,Matutino,780.22,1,,,,616.96,,,
PB,Joao Pessoa,Faculdade Internacional da Paraíba - FPB,UNIDADE SEDE - Tambiá,Nutrição,Bacharelado,Noturno,810.82,4,2,,,616.52,591.52,,
PB,Joao Pessoa,Faculdade Uninassau João Pessoa,FACULDADE MAURÍCIO DE NASSAU DE JOÃO PESSOA - Estados,Nutrição,Bacharelado,Matutino,831.89,2,1,,,606.00,598.94,,
PB,Joao Pessoa,Faculdade Uninassau João Pessoa,FACULDADE MAURÍCIO DE NASSAU DE JOÃO PESSOA - Estados,Nutrição,Bacharelado,Noturno,831.89,1,,,,600.80,,,
PB,Joao Pessoa,Instituto Paraibano de Ensino Renovado - INPER,CAMPUS  - JOÃO PESSOA - JARDIM MARIZÓPOLIS - Jardim Marizópolis,Nutrição,Bacharelado,Noturno,718.20,2,1,,,610.82,572.60,,
PB,Joao Pessoa,Instituto Paraibano de Ensino Renovado - INPER,CAMPUS  - JOÃO PESSOA - JARDIM MARIZÓPOLIS - Jardim Marizópolis,Nutrição,Bacharelado,Matutino,682.29,2,1,,,605.10,570.10,,
PB,Joao Pessoa,Centro Universitário de João Pessoa - Unipê - UNIPÊ,CAMPUS UNIPÊ - Água Fria,Odontologia,Bacharelado,Matutino,2488.00,6,4,,,688.72,670.72,,
PB,Joao Pessoa,Faculdade de Enfermagem Nova Esperança - FACENE,CAMPUS  - JOÃO PESSOA - Gramame,Odontologia,Bacharelado,Noturno,2283.33,4,14,,,640.92,635.74,,
PB,Joao Pessoa,Faculdade de Enfermagem Nova Esperança - FACENE,CAMPUS  - JOÃO PESSOA - Gramame,Odontologia,Bacharelado,Matutino,2283.33,2,15,,,654.38,660.14,,
PB,Joao Pessoa,Faculdade Uninassau João Pessoa,FACULDADE MAURÍCIO DE NASSAU DE JOÃO PESSOA - Estados,Odontologia,Bacharelado,Matutino,2266.08,3,2,,,700.12,668.70,,
PB,Joao Pessoa,Centro Universitário Internacional - Uninter - UNINTER,PAP JOÃO PESSOA 02 - Expedicionários,Pedagogia,Licenciatura,Curso a Distância,270.00,,,1,,,,552.68,
PB,Joao Pessoa,Centro Universitário Maurício de Nassau - UNINASSAU,POLO JOÃO PESSOA II - Estados,Pedagogia,Bacharelado,Curso a Distância,177.23,5,3,,,556.16,554.16,,
PB,Joao Pessoa,Faculdade Internacional da Paraíba - FPB,FACULDADE INTERNACIONAL DA PARAÍBA - Tambiá,Pedagogia,Licenciatura,Noturno,391.89,2,2,,,583.28,562.86,,
PB,Joao Pessoa,Faculdade Internacional da Paraíba - FPB,FACULDADE INTERNACIONAL DA PARAÍBA - Tambiá,Pedagogia,Licenciatura,Matutino,382.57,4,2,,,562.66,571.82,,
PB,Joao Pessoa,Faculdade Paraíbana - FAP,CAMPUS  - JOÃO PESSOA - MIRAMAR - Miramar,Pedagogia,Licenciatura,Matutino,429.10,2,1,,,552.04,550.64,,
PB,Joao Pessoa,Faculdade Paraíbana - FAP,CAMPUS  - JOÃO PESSOA - MIRAMAR - Miramar,Pedagogia,Licenciatura,Noturno,474.27,2,1,,,564.48,567.42,,
PB,Joao Pessoa,Faculdade Uninassau João Pessoa,UNIDADE SEDE - Centro,Pedagogia,Licenciatura,Noturno,462.35,2,2,,,576.48,553.38,,
PB,Joao Pessoa,Instituto Paraibano de Ensino Renovado - INPER,CAMPUS  - JOÃO PESSOA - JARDIM MARIZÓPOLIS - Jardim Marizópolis,Pedagogia,Bacharelado,Noturno,474.27,2,1,,,575.90,546.72,,
PB,Joao Pessoa,Universidade Cruzeiro do Sul - UNICSUL,"COESP - JOÃO PESSOA, PARAÍBA - Centro",Pedagogia,Licenciatura,Curso a Distância,269.92,1,,,,551.36,,,
PB,Joao Pessoa,Universidade Paulista - UNIP,JOAO PESSOA II - Tambauzinho,Pedagogia,Licenciatura,Curso a Distância,269.00,1,,,,567.40,,,
PB,Joao Pessoa,Universidade Pitágoras Unopar,JOAO PESSOA/PB II (7624) - Mangabeira,Pedagogia,Licenciatura,Curso a Distância,269.00,2,1,,,624.76,561.36,,
PB,Joao Pessoa,Centro Universitário Internacional - Uninter - UNINTER,JOÃO PESSOA (EPITACIO) - Expedicionário,Processos Gerenciais,Tecnológico,Curso a Distância,270.00,1,,,,588.54,,,
PB,Joao Pessoa,Centro Universitário Internacional - Uninter - UNINTER,PAP JOÃO PESSOA 01 - Miramar,Processos Gerenciais,Tecnológico,Curso a Distância,270.00,,,1,,,,617.00,
PB,Joao Pessoa,Universidade Cruzeiro do Sul - UNICSUL,"COESP - JOÃO PESSOA, PARAÍBA - Centro",Processos Gerenciais,Tecnológico,Curso a Distância,256.86,,,1,1,,,582.54,488.32
PB,Joao Pessoa,Centro Universitário de João Pessoa - Unipê - UNIPÊ,CAMPUS UNIPÊ - Água Fria,Psicologia,Bacharelado,Vespertino,1117.00,6,4,,,639.84,625.08,,
PB,Joao Pessoa,Centro Universitário de João Pessoa - Unipê - UNIPÊ,CAMPUS UNIPÊ - Água Fria,Psicologia,Bacharelado,Noturno,1117.00,4,6,,,635.00,604.60,,
PB,Joao Pessoa,Faculdade Internacional da Paraíba - FPB,UNIDADE SEDE - Tambiá,Psicologia,Bacharelado,Noturno,970.26,3,2,,,613.06,576.44,,
PB,Joao Pessoa,Faculdade Internacional da Paraíba - FPB,UNIDADE SEDE - Tambiá,Psicologia,Bacharelado,Matutino,842.94,3,2,,,610.84,610.46,,
PB,Joao Pessoa,Faculdade Três Marias - FTM,JOAO PESSOA CENTRO - Miramar,Psicologia,Bacharelado,Noturno,948.81,2,2,,30,607.76,585.70,532.78,
PB,Joao Pessoa,Faculdade Uninassau João Pessoa,FACULDADE MAURÍCIO DE NASSAU DE JOÃO PESSOA - Estados,Psicologia,Bacharelado,Noturno,924.32,5,3,,,614.30,605.86,,
PB,Joao Pessoa,Faculdade Uninassau João Pessoa,FACULDADE MAURÍCIO DE NASSAU DE JOÃO PESSOA - Estados,Psicologia,Bacharelado,Matutino,806.61,2,2,,,626.40,605.22,,
PB,Joao Pessoa,Faculdade Paraíbana - FAP,CAMPUS  - JOÃO PESSOA - MIRAMAR - Miramar,Publicidade e Propaganda,Bacharelado,Noturno,474.27,2,1,,,602.56,566.94,,
PB,Joao Pessoa,Universidade Cruzeiro do Sul - UNICSUL,"COESP - JOÃO PESSOA, PARAÍBA - Centro",Química,Licenciatura,Curso a Distância,235.40,,,1,,,,555.52,
PB,Joao Pessoa,Faculdade de Enfermagem Nova Esperança - FACENE,CAMPUS  - JOÃO PESSOA - Gramame,Radiologia,Tecnológico,Noturno,813.54,4,14,,,560.16,547.90,,
PB,Joao Pessoa,Faculdade de Enfermagem Nova Esperança - FACENE,CAMPUS  - JOÃO PESSOA - Gramame,Radiologia,Tecnológico,Matutino,813.54,4,13,,,553.48,544.52,,
PB,Joao Pessoa,Faculdade de João Pessoa (Santa Emília do Rodat),UNIDADE SEDE - Tambiá,Radiologia,Tecnológico,Noturno,506.70,3,2,,10,575.20,579.00,529.62,
PB,Joao Pessoa,Centro Universitário de João Pessoa - Unipê - UNIPÊ,CAMPUS UNIPÊ - Água Fria,Redes de Computadores,Tecnológico,Noturno,360.60,3,2,,,588.98,585.98,,
PB,Joao Pessoa,Faculdade Devry João Pessoa - DVJP,CAMPUS SEDE - Miramar,Redes de Computadores,Tecnológico,Matutino,386.63,1,,,40,541.22,,450.00,
PB,Joao Pessoa,Faculdade Devry João Pessoa - DVJP,CAMPUS SEDE - Miramar,Redes de Computadores,Tecnológico,Noturno,386.63,1,,,40,577.04,,450.00,
PB,Joao Pessoa,Faculdade Estácio da Paraíba - ESTÁCIO PARAÍBA,JOÃO PESSOA-IDEZ - Manaíra,Redes de Computadores,Tecnológico,Noturno,455.71,3,2,,,562.68,539.62,,
PB,Joao Pessoa,Faculdade Internacional da Paraíba - FPB,UNIDADE SEDE - Tambiá,Redes de Computadores,Tecnológico,Noturno,472.00,2,2,,,570.16,563.52,,
PB,Joao Pessoa,Faculdade Internacional da Paraíba - FPB,UNIDADE SEDE - Tambiá,Redes de Computadores,Tecnológico,Matutino,472.00,2,2,,,562.90,574.02,,
PB,Joao Pessoa,Instituto Paraibano de Ensino Renovado - INPER,CAMPUS  - JOÃO PESSOA - JARDIM MARIZÓPOLIS - Jardim Marizópolis,Redes de Computadores,Tecnológico,Matutino,473.60,2,1,,,540.16,525.88,,
PB,Joao Pessoa,Instituto Paraibano de Ensino Renovado - INPER,CAMPUS  - JOÃO PESSOA - JARDIM MARIZÓPOLIS - Jardim Marizópolis,Redes de Computadores,Tecnológico,Noturno,473.60,2,1,,,532.20,544.78,,
PB,Joao Pessoa,Centro Universitário Internacional - Uninter - UNINTER,JOÃO PESSOA (EPITACIO) - Expedicionário,Secretariado,Tecnológico,Curso a Distância,253.00,1,,,,589.74,,,
PB,Joao Pessoa,Centro Universitário Internacional - Uninter - UNINTER,PAP JOÃO PESSOA 01 - Miramar,Secretariado,Tecnológico,Curso a Distância,253.00,,,1,,,,479.44,
PB,Joao Pessoa,Universidade Cruzeiro do Sul - UNICSUL,"COESP - JOÃO PESSOA, PARAÍBA - Centro",Secretariado,Tecnológico,Curso a Distância,256.86,,,1,,,,515.32,
PB,Joao Pessoa,Faculdade de João Pessoa (Santa Emília do Rodat),UNIDADE SEDE - Tambiá,Segurança no Trabalho,Tecnológico,Noturno,506.70,2,1,,6,565.08,544.34,465.88,
PB,Joao Pessoa,Faculdade Internacional da Paraíba - FPB,UNIDADE SEDE - Tambiá,Segurança no Trabalho,Tecnológico,Noturno,421.58,3,2,,,563.02,564.26,,
PB,Joao Pessoa,Faculdade Três Marias - FTM,JOAO PESSOA CENTRO - Miramar,Segurança no Trabalho,Tecnológico,Matutino,386.65,3,2,,50,539.60,534.76,450.00,
PB,Joao Pessoa,Faculdade Três Marias - FTM,JOAO PESSOA CENTRO - Miramar,Segurança no Trabalho,Tecnológico,Noturno,386.65,3,2,,35,539.00,533.20,450.12,
PB,Joao Pessoa,Universidade Cruzeiro do Sul - UNICSUL,"COESP - JOÃO PESSOA, PARAÍBA - Centro",Segurança no Trabalho,Tecnológico,Curso a Distância,256.86,,,1,,,,569.06,
PB,Joao Pessoa,Centro Universitário Internacional - Uninter - UNINTER,PAP JOÃO PESSOA 02 - Expedicionários,Serviço Social,Bacharelado,Curso a Distância,288.00,,,1,,,,546.54,
PB,Joao Pessoa,Faculdade Internacional da Paraíba - FPB,UNIDADE SEDE - Tambiá,Serviço Social,Bacharelado,Noturno,560.81,2,1,,,584.38,582.78,,
PB,Joao Pessoa,Faculdade Internacional da Paraíba - FPB,UNIDADE SEDE - Tambiá,Serviço Social,Bacharelado,Matutino,546.20,6,5,,,570.20,562.52,,
PB,Joao Pessoa,Faculdade Uninassau João Pessoa,FACULDADE MAURÍCIO DE NASSAU DE JOÃO PESSOA - Estados,Serviço Social,Bacharelado,Matutino,512.17,2,2,,,565.12,576.76,,
PB,Joao Pessoa,Universidade Paulista - UNIP,JOAO PESSOA II - Tambauzinho,Serviço Social,Bacharelado,Curso a Distância,269.00,1,1,,,555.18,530.56,,
PB,Joao Pessoa,Universidade Paulista - UNIP,JOAO PESSOA I - Tambiá,Serviço Social,Bacharelado,Curso a Distância,199.00,2,1,,,561.58,545.02,,
PB,Joao Pessoa,Universidade Pitágoras Unopar,JOAO PESSOA/PB II (7624) - Mangabeira,Serviço Social,Bacharelado,Curso a Distância,289.00,4,3,,,550.74,556.36,,
PB,Joao Pessoa,Universidade Pitágoras Unopar,JOAO PESSOA/PB III (1051685) - Tambauzinho,Serviço Social,Bacharelado,Curso a Distância,289.00,4,2,,,554.18,536.04,,
PB,Joao Pessoa,Centro Universitário Estácio de Ribeirão Preto - Estácio Ribeirão Pre - ESTÁCIO RIBEIRÃO PRE,EAD JOÃO PESSOA - BANCÁRIOS - PB - Tambaú,Sistemas de Informação,Bacharelado,Curso a Distância,417.14,1,,,,574.00,,,
PB,Joao Pessoa,Centro Universitário de João Pessoa - Unipê - UNIPÊ,CAMPUS UNIPÊ - Água Fria,Sistemas para Internet,Tecnológico,Noturno,360.60,3,2,,,611.56,614.38,,
PB,Joao Pessoa,Centro Universitário Internacional - Uninter - UNINTER,PAP JOÃO PESSOA 01 - Miramar,Sociologia,Licenciatura,Curso a Distância,230.00,,,1,,,,527.54,
PB,Joao Pessoa,Universidade Paulista - UNIP,JOAO PESSOA II - Tambauzinho,Sociologia,Licenciatura,Curso a Distância,149.00,1,,,,587.90,,,
PB,Joao Pessoa,Centro Universitário Internacional - Uninter - UNINTER,PAP JOÃO PESSOA 01 - Miramar,Teologia,Bacharelado,Curso a Distância,189.00,,,1,,,,568.88,
PB,Joao Pessoa,Centro Universitário Internacional - Uninter - UNINTER,PAP JOÃO PESSOA 02 - Expedicionários,Teologia,Bacharelado,Curso a Distância,189.00,1,,1,1,631.42,,604.00,529.30
PB,Joao Pessoa,Universidade Cruzeiro do Sul - UNICSUL,"COESP - JOÃO PESSOA, PARAÍBA - Centro",Teologia,Bacharelado,Curso a Distância,256.86,,,1,,,,561.42,
PB,Joao Pessoa,Faculdade Paraíbana - FAP,CAMPUS  - JOÃO PESSOA - MIRAMAR - Miramar,Turismo,Bacharelado,Noturno,474.27,2,1,,,580.22,558.24,,
PB,Joao Pessoa,Instituto Paraibano de Ensino Renovado - INPER,CAMPUS  - JOÃO PESSOA - JARDIM MARIZÓPOLIS - Jardim Marizópolis,Turismo,Bacharelado,Noturno,560.89,2,1,,,591.16,548.48,,